CREATE TABLE comments(
CommentID int(11) NOT NULL AUTO_INCREMENT,
Comment varchar(1370) NOT NULL,
PRIMARY KEY(CommentID)
) ENGINE=InnoDB;

INSERT INTO comments(CommentID, Comment) VALUES
(1, '﻿Никто этого уже не ждал и не надеялся, но... «Простите, что сняли четвертый сезон!», — возвестила студия Sunrise и вернула любимых героев, по которым все уже успели соскучиться, на экраны. Гинтама снова с нами, и она лучше, чем когда-либо прежде! В ролях: Ёродзуя, Шинсенгуми, Джои, пришельцы — все наши старые-добрые и новые-злые герои. В Эдо, как обычно, случаются катастрофы местного и вселенского масштаба, а предотвращать их и спасать мир вновь придется нашим веселым и бесшабашным героям. В основе аниме юмор самого разного калибра: от туалетных шуток до изысканных острот, а кроме того куча отсылок и пародий. Мысль «Как всю съемочную группу в полном составе до сих пор не засудили?» сломает ваш мозг. Так что приготовьтесь! Ваши стереотипы об аниме будут разрушены навсегда. А сами вы будете рыдать от смеха, наблюдая за невероятными приключениями самурая с серебряными волосами и его необыкновенными соседями!'),
(2, 'Действие сериала происходит летом 2010 года в Акихабаре. Группа друзей переделывает микроволновку в некое устройство, способное посылать текстовые сообщения в прошлое. Пока они проводят над устройством различные эксперименты, ими заинтересовывается таинственная организация SERN, которая также проводит исследования по путешествиям во времени. SERN начинает преследовать друзей, и теперь главным героям предстоит найти способ не быть захваченными ими.'),
(3, 'Действие берет начало в ноябре 2010 года и разворачивается в поле аттрактора β. Впавший в отчаяние Ринтаро Окабэ изо всех сил пытается оправиться от последней неудачной попытки изменить будущее. Стремясь забыть все то, что он пережил в прошлом, и избавиться от терзающих его сознание болезненных воспоминаний, он решает забросить свое второе «я» в лице безумного ученого и начать жить как подобает обычному студенту. Как только, казалось бы, жизнь начинает налаживаться, он внезапно встречает Махо Хиядзё, знакомую Курису Макисэ из американского университета. Махо рассказывает Ринтаро, что в их лаборатории уже начали тестирование нового изобретения, которое предоставляет возможность хранить память человека и способно воссоздать его личностные качества со всеми особенностями характера внутри себя. Приобретение возможности симулировать с помощью этого устройства память Курису приносит в жизнь Окабэ новый переполох, как будто бы возвращая его в пугающее прошлое. Он даже подумать не мог, что это принесет столько мучений и новых неожиданных последствий в предстоящие времена.'),
(4, 'Продолжение приключений Гинтоки и его команды из агентства «Мастера на все руки» в окружении альтернативно-исторической феодальной Японии.'),
(5, 'Третье пришествие знаменитой троицы мастеров на все руки \"Ёродзуя\". Гинтоки по-прежнему ленив и кучеряв, у малышки Кагуры остался прежний взрывной характер (и бездонный желудок тоже), а Шимпачи всё так же выступает в команде голосом разума. Почему всё осталось по-прежнему? Потому что сериал представляет из себя повторный показ избранных эпизодов из предыдущих сезонов, однако не обойдётся и без новых серий. Восстав аки феникс из пепла, сериал вновь раздаст пинки здравому смыслу, поиздевается над моралью и порвёт не один шаблон. Приготовьтесь, театр абсурда в декорациях футуристически-средневекового Эдо ещё никогда не был таким весёлым!'),
(6, 'Интересно, что бы случилось, если бы Широяши никогда не существовало? В один прекрасный день мир сошел с ума, и теперь Эдо ввергнут в настоящий хаос. Саката Гинтоки отныне живет в альтернативной реальности, будущем, в котором ему места не нашлось. Но что же случилось с Ёродзуей? А с остальными? Но важнее всего: кто за всем этим стоит? Похоже, Гинтоки снова предстоит стать демоном во плоти, чтобы защитить своих друзей. Ему в одиночку придется управляться с грандиознейшим поручением в истории Ёродзуи и постараться, чтобы оно не стало последним.'),
(7, 'Жить в феодальной Японии непросто... особенно если вас завоевали инопланетяне. Да, конечно, новая система здравоохранения хороша, но запрет на ношение меча ставит истинных самураев в безвыходное положение. Вдвойне это относится к Гинтоки Сакате, последнему самураю, в ком ещё жив истинно японский дух. Гинтоки живёт с Кагурой, представительницей одной из сильнейших рас во вселенной, и очкариком Шимпачи Шимурой. Втроём они создают агентство под названием «Мастера на все руки Гинтоки-сана» и берутся за любые странные и нелепые поручения, с которыми к ним приходят, будь то поиск пропавшей кошки или спасение мира. Ведь платить им нечем не только за аренду жилья, но и за еду.'),
(8, 'В Японии эпохи Эдо, захваченной пришельцами, небоскребы, скоростные поезда и шумные мотоциклы, казалось бы, давно стерли из умов землян воспоминания об обычной жизни. Единственный человек, в котором сохранился дух самурая, — Саката Гинтоки. Как обычно, в своей неторопливой манере, Гин-сан продолжает, валяясь на диване, читать Jump, бродить по кабакам, прятать остатки денег от Отосэ и спасать мир в перерывах между ковырянием в носу. Неизвестно, что готовит ему судьба на этот раз, но верные Кагура и Пацуан всегда рядом.'),
(9, 'После некоторых событий, показанных в «Историях Коёми», Арараги вновь встречается с Маёй Хатикудзи, хотя, казалось бы, он уже и не думал, что когда-нибудь ещё увидит эту непоседливую и милую младшеклассницу. Но на этот раз роли поменялись местами — и именно Хатикудзи теперь придётся вытаскивать Коёми из передряги, в которую тот угодил. В конце концов, до выпуска из школы нужно ещё так много сделать! Например, окончательно разобраться в своих отношениях с Сэндзёгахарой и узнать тайну Оги Осино. Странности! Странности! И вновь странности! Наша история подходит к своему финалу.'),
(10, 'Заключительная часть из серии полнометражных фильмов «Истории ран». После боев с тремя специалистами (Драматург, Эпизод, Палач) Арараги получил все части тела Киссшот и готов их ей вернуть, чтобы снова стать человеком. Но остается много вопросов: как Киссшот сделает его человеком? Как трое специалистов победили Киссшот на пике ее силы? Зачем на самом деле приехал Мэмэ Осино? И как в итоге продолжатся отношения Арараги и Ханэкавы?'),
(11, 'После убийства Шигэшигэ Токугавы, роспуска Шинсэнгуми и жестоких сражений на планете, где родилась Кагура, Уцуро разжигает межпланетную войну, в которой Земле грозит уничтожение. Другие планеты объединяются против Земли, с целью уничтожить общество защиты Алтаны, где оно было обосновано, и вернуть власть над Алтаной. Нашей троице — Гинтоки, Кагуре и Шимпачи — предстоит спасти планету от разрушения, возможно, не без помощи старых друзей.'),
(12, 'События второго сезона стартуют сразу после завершения сюжетной арки «Феникс Цукихи». Много чего произошло в жизни Арараги Коёми за последние полгода. Его несколько раз разрывали на части, пили его кровь, бесстыдно коверкали имя и фамилию, обзывали лоликонщиком и извращенцем, угрожали канцелярскими принадлежностями... А ведь главные мучения и трудности еще только начинаются! На личном фронте у Арараги сплошная неразбериха. Сэндзёгахара Хитаги начала вести себя, мягко говоря, странно. Любовные прозвища, многочисленные «смайлы» в смс-сообщениях, беззаботное хихиканье. Парень в настоящей панике, ведь он понятия не имеет, как на все это реагировать. И куда, спрашивается, подевалось ее холодное выражение лица и язвительные упреки? Наслаждаться повседневной жизнью у нашего полувампира тоже особо не получается. Какое тут наслаждение, когда невыполненная домашняя работа на лето в конечном итоге оборачивается зомби-апокалипсисом? Мало того, его подруги вновь сталкиваются со сверхъестественным, а кто же им, интересно, должен помогать, рискуя собственной шкурой? Арараги-сэмпай, братик Коёми, Арараги-кун – да-да, ответ весьма предсказуем. На сей раз экранизации подвергнутся сразу 5 новелл: Nekomonogatari: Shiro, Kabukimonogatari, Otorimonogatari, Onimonogatari, Koimonogatari.'),
(13, 'Вторая часть из серии полнометражных фильмов «Истории ран». После договора, заключенного с Мэмэ Осино, Арараги необходимо победить трех специалистов (Драматург, Эпизод, Палач), с каждым из которых он должен сразиться один на один, чтобы вернуть прежнюю силу Киссшот Ацеролаорион Хартандерблэйд и снова стать человеком. Но Арараги терзают сомнения: выполнит ли Киссшот свою часть сделки? И как разобраться с надоедливой Ханэкавой, которая так и норовит встретиться с вампирами и лезет не в свои дела? Фильм продолжает раскрывать некоторые подробности из прошлого героев: Киссшот до становления тенью себя самой и то, как познакомились Арараги и Ханэкава.'),
(14, 'Четвёртая война за Святой Грааль вступает в решающую фазу. Участников становится всё меньше, накал борьбы зашкаливает. Битвы уже невозможно скрыть от посторонних, и маленький городок Фуюки становится ареной для кровавой борьбы. Маги осознают, что Грааль почти в их руках, и не гнушаются никакими средствами ради победы. Начало истории известно, ее конец близок. Остается только наблюдать, чем все завершится.'),
(15, 'Рёги Шики встречает юношу по имени Энджо Томоэ, убегающего от людей, которых он называет убийцами. Шики позволяет Томоэ укрыться у неё в квартире и с этого дня начинается их странное сожительство.	Но наступает день, когда Томоэ встречает свою мать, которую он считал ранее убитой. После этой встречи Томоэ вместе с Шики отправляются в его старую квартиру в Огава Комплексе, где они находят родителей Томоэ... живыми. Тут Шики встречает могущественного мага по имени Арая Сорен, соперника Аозаки Токо. Именно он стоит за всеми прошлыми событиями, произодшими с Шики, и теперь она оказывается пойманной магом в ловушке внутри спирали парадокса...'),
(16, 'Очередной сезон представляет собой экранизацию нескольких пропущенных комедийных арок в манге. Сериал поведает о приключениях Ёродзуи вместе с остальными жителями Эдо, происходящих во время начала четвёртого сезона.'),
(17, 'Сюжет фильма разворачивается спустя год после событий сериала. Ринтаро Окабэ преследуют болезненные воспоминания. Зациклившись на созданных им временных линиях, постоянно думая о том, где он совершил ошибку и что сделал неправильно, юноша всё больше и больше теряет связь с реальностью. Тем временем Курису Макисэ возвращается в Японию после годового отсутствия. О том, что её любимый человек действительно существовал, ей подсказывает постоянно возникающее чувство дежавю. Этот феномен не даёт ей покоя, и она изо всех сил пытается найти способ, чтобы вернуть Окабэ. Сможет ли Макисэ достичь своей цели, и не приведёт ли всё это к ещё более запутанному парадоксу, мы узнаем в полнометражной версии «Врат Штейна».'),
(18, 'Официальный сайт гласит, что премьерный показ полнометражного фильма «Гинтама: Новый пересказ», адаптации альтернативно-исторической гэг-манги Хидэаки Сорачи, состоится в Японии во время золотой недели — череды праздников, что тянутся с конца апреля и до первой недели мая. Как и подразумевает название, действия тесно соприкасаются с сюжетом TV-сериала.'),
(19, 'Полнометражная версия арок о Шинсенгуми (101-105 серии), а также Четырех Дэвов Квартала Кабуки (210-214 серии). 1) В рядах Шинсенгуми вспыхнул бунт. Как в этом замешан Камотаро Ито и причем тут Такасуги Шинскэ? 2) Напряжение между группировками в Кабуки возрастает, поэтому четверо их предводителей решили заключить договор. Группировка, которая начнет разборки на чужой территории, будет уничтожена тремя другими. Кто же станет первой жертвой ? Вспомнить, как это было, и посмотреть одни из опаснейших приключений Еродзуи теперь можно в одном фильме.'),
(20, 'Сики Рёги выходит из комы и начинает новую жизнь. А между тем, после четырех лет тишины вновь возобновляются таинственные убийства. Кто убийца? Эти случаи напоминают Сики о ее скрытом желании убивать и о «СИКИ», ее второй личности. В то время, как Сики ищет убийцу, Микия Кокуто начинает собственное расследование, чтобы доказать невиновность Рёги. Благодаря наводке наркоторговца, Микия находит Лио Сирадзуми — школьного сэмпая Кокуто и Рёги, замешанного в продаже наркотика «Бладчип» и имеющего связь с серийными убийствами.'),
(21, 'История происходит в двух реальностях: человеческом мире (Сибуя, Токио) и мире монстров (Сибутэнмати). В этих двух мирах, которые не должны пересекаться, живут одинокий мальчик и одинокий монстр. Однажды случается так, что мальчик попадает в мир монстров, становится учеником монстра по имени Куматэцу и принимает новое имя Кюта.'),
(22, 'Ёшивару атакует загадочный туман, обладающий одним опаснейшим свойством: любой вдохнувший его влюбится в первого, кого увидит. Цукуё попадает под удар, и чувства к Гинтоки, которые бедняжка пыталась скрывать, стремятся вырваться наружу. Пытаясь ликвидировать угрозу, Цукуё совершает роковую ошибку, и зловещая дымка окутывает весь район Кабуки. Жертвами тумана оказываются и Ёрозуя вместе с Таэ, Кьюбэй и Кондо. Удастся ли нашим героям справиться с любовным недугом и остановить неизвестного преступника?'),
(23, 'Тысяча лет прошла на Земле, и человеческая цивилизация полностью изменилась. Древние технологии почти забыты, и люди живут в небольших, отдалённых друг от друга общинах. Лишь одно позволяет им выжить — странная психическая сила, благодаря которой люди могут силой мысли манипулировать материей и добывать энергию. Однажды девушка по имени Саки и четверо её друзей, гуляя за пределами своей общины, находят странного робота. В роботе оказался спрятан архив древних людей, из которого друзья узнали, что в далёком прошлом на Земле разразилась война между экстрасенсами и обычными людьми. Экстрасенсы выиграли эту кровавую войну и продолжили свой террор на века. За обладание этими запретными знаниями Саки с друзьями были изгнаны. Их психическую силу запечатали и оставили одних в великом лесу. Но это было только начало пути друзей — пути, в котором они лучше поймут жестокие события прошлого и постараются предотвратить их в настоящем.'),
(24, 'Первый фильм третьей аниме-адаптации «Fate/Stay Night». Все та же пятая битва за Грааль. Все те же мастера и слуги, призванные для сражения в этой войне. Но вмешательство третьих лиц в корне меняет череду событий предыдущих повествований. Новый персонаж, Дзокэн Мато (дедушка Сакуры), видя поражение Райдера Синдзи Мато, решает действовать, призвав слугу доселе невиданного. Также в битву будет втянута близкая подруга Сиро — Сакура. А Райдер, бывшая до этого лишь героем «второго плана», возьмет одну из главных ролей.'),
(25, 'Далёкое будущее. Самоцветы — новая форма жизни, населяющая Землю. У них нет гендерных различий, но они наделены бессмертием. Однако жизнь их, как и у людей, непростая: лунные обитатели постоянно терроризируют новых землян, дабы похитить и превратить в обычные украшения. Поэтому 28 самоцветов должны противостоять захватчикам. Каждому камню предназначена своя роль, например, воин или врач. Будучи всего 300-летним, Фосфофиллит (младший из всей расы), ещё не имеющий своего предназначения, хочет помочь в борьбе против лунных оккупантов, хотя он слишком слаб и хрупок для боя. Но вот, однажды, мастер Самоцветов — Адамант — поручает ему создать энциклопедию истории самородков.'),
(26, 'Ангелы продолжают свои непрерывные атаки, а в NERV приходят два новых пилота: пилот павшего в первом же бою Евангелиона 05 Мари Илластриэс Макинами и пилот Евы-02, а позже Евы-03 Сикинами Аска Лэнгли. В тоже время Гендо Икари и SEELE приступают к секретному проекту, в котором задействованы Рей с Синдзи.'),
(27, 'Действие аниме-сериала разворачивается за десять лет до событий, показанных в «Судьба/Ночь схватки». Война за Святой Грааль — борьба между семью магами за обладание силой, что «сотворит чудо»: исполнит любое желание владельца. Поединки проходят посредством призыва героических духов. Сражение трижды не было окончено, и эта история описывает события Четвертой войны. Объединив свою волю к победе, маги выдвинулись в зону боя — город Фуюки. Но среди них был тот, кто шел по жизни в одиночку и не мог найти для себя смысл в этих битвах. Имя ему — Кирэй Котоминэ. Не в силах понять и принять такое предрешение судьбы, он чувствовал себя опустошенным и продолжал поиски. В то же время члены одной из семей-основателей, Айнцберн, после трех неудачных попыток завладеть Граалем полны решимости заполучить его любой ценой, а потому выбирают в свои ряды Кирицугу Эмию — всем ненавистного мага с репутацией умелого, но корыстного и безжалостного наемника-мерзавца. Эмия, некогда желавший стать героем, который может всех спасти, давно уже отказался от своего идеала, осознав, что спасение одного всегда происходит за счет жизни другого. Тогда он решил, что ради человечества станет «огнем и мечом» этого мира, уничтожая всех и вся, что будут ему угрожать. Ему приходится разрываться между любовью к жене и дочери и данным им обещанием заполучить Грааль. Столкновение неизбежно...'),
(28, 'Школьная жизнь Коёми Арараги подходит к своему завершению. Однако, остаётся ещё множество загадок и проблем, ждущих своего часа. Перед своим выпускным ему придётся решить множество вопросов. Как закончить школу и выжить? Кто такая эта странная Оги Оcино? Что же такого произошло в средней школе, и почему его бывшая одноклассница Содати испытывает к Арараги такую жгучую ненависть? Чтобы увидеть своё будущее, Арараги придётся изрядно покопаться в своём прошлом.'),
(29, 'Специальный эпизод, вышедший на последнем, девятом Blu-ray сериала. Прошло несколько месяцев после основных событий. В жизни главных героев установилось затишье. И вот в один из прекрасных дней в Акихабаре Фэйрис приглашает друзей в Америку. Они, разумеется, соглашаются - там им предстоит участвовать в карточном турнире, встретить старых и новых знакомых и разобраться в своих отношениях.'),
(30, 'Первая часть из серии полнометражных фильмов «Истории ран». В фильме описывается предыстория Коёми Арараги. Его встреча с Синобу Осино и становление вампиром. Начало дружбы с Цубасой Ханэкавой, первая встреча с Мэмэ Осино, а также раскрывается тайна личности Киссшот Ацеролаорион Хартандерблэйд до становления тенью себя самой. Также Арараги ждет встреча с тремя специалистами (, Эпизод, Палач), напавших на Киссшот и забравших ее конечности вместе с принадлежащей ей силой.'),
(31, 'Крафт Лоуренс, странствующий торговец с опытом, и его острая на язычок компаньонка Холо, которая к тому же богиня-волчица, продолжают своё странствие на север, в земли Ёйцу. Нежные отношения между ними расцветают подобно цветку, пока они совершают сделки и путешествуют между городами.'),
(32, 'И вновь труба зовёт! Новый сезон, новые приключения, старые герои и, как всегда, веселье, выпивка, смех с командой «Семи смертных грехов». Второй сезон преподносит зрителю новую череду эпических сражений рыцарей против демонов, на этот раз, элиты демонов — «Десяти заповедей». Печать открыта, демоны ускользнули из векового заточения и жаждут начать свою игру. Британия вновь станет местом битвы, клинки героев запоют свою песню, а герои, как им и положено, выйдут на поле и зададут жару, с новой экипировкой, с новыми силами, и ново-старыми друзьями. Неужели, наконец-то, соберутся все семеро героев вместе с принцессой? Они защитят мир от угрозы, не забыв при этом приправить всё юмором и зрелищем, которое полюбилось всем зрителям!'),
(33, 'Прямое продолжение «Бездомного бога». Во втором сезоне основной акцент делается на истории Бисямон, бога войны. Из-за неспособности бросить духов на растерзание призракам, количество служащих ей реликвий — очень большое. Столько духов в подчинении не могут не приносить проблем, ведь каждая реликвия несёт в себе чувства и боль, которые могут ранить бога-хозяина. Кроме всего прочего, Бисямон всем своим видом и поведением показывает ярую ненависть к Ято. Но почему? Какое тёмное прошлое их связывает? Как ужасные события, произошедшие сотни лет назад, в сочетании с нынешними повлияют на жизнь Ято и Юкинэ?'),
(34, 'Фуюки — город, окруженный океаном и горами, — становится местом для древнего ритуала: битвы за мифический Святой Грааль, который, согласно легендам, исполнит любое желание своего обладателя. В битве участвуют семь магов и семь героических душ: Сэйбер, Лансер, Арчер, Райдер, Кастер, Ассассин, Берсеркер. Каждый маг заключает договор с присвоенным ему духом и сражается с другими до тех пор, пока в живых не останется лишь один маг со своим слугой. Это «Война за Святой Грааль».'),
(35, 'Трейлер к фильму по Gintama, показанный на Jump Super Anime Tour 2008 и впоследствии выпущенный на DVD. Фильм, по которому создан трейлер, никогда так и не вышел.'),
(36, 'К 2075 году человечество достигло той точки, когда путешествия между Землёй, Луной и космическими станциями стали частью повседневной жизни. Однако, со временем такой технологический прогресс обострил проблему космического мусора, который может нанести чрезвычайные и даже катастрофические повреждения космическим судам и оборудованию. Эта история об Отделе Расчистки Космического Мусора, подразделении корпорации «Текнора», о его работнике Хатирота Хосино и новой сотруднице в их группе Ай Танабэ.'),
(37, 'История о Коёми Арараги, ученике третьего класса старшей школы и бывшем вампире. Однажды он шёл по школьной лестнице, а сверху на него упала девушка. Впрочем, падала она медленно, да и вес её оказался странным, всего несколько килограмм. Приготовившийся было к сильному удару, Коёми с легкостью ловит её на руки. Девушка оказалась одноклассницей Коёми, Хитаги Сэндзёгахарой, красивой, вроде бы застенчивой и абсолютно нелюдимой — за три года совместной учебы Коёми с ней ни разу не заговорил. И не только он — последние годы она не общалась ни с кем. Характер у нее, как оказалось, вовсе не застенчивый, и на свою беду Коёми об этом вскоре узнает — Хитаги не хочет, чтобы кто-то узнал про её секрет. А секрет заключается в её весе, украденном не то демоном, не то богом, не то духом, выглядящим как краб. Коёми признается ей, что в прошлом сам пострадал от нападения сверхъестественного существа и превратился в вампира, однако его знакомый, Мэмэ Осино, помог ему снова стать человеком. Возможно, Мэмэ сможет помочь и ей...'),
(38, 'Способность путешествовать во времени... она может быть использована как на благо людей, так и ради собственной корыстной выгоды. Как бы поступили вы, имея такую возможность? Школьница Макото Конно непонятным для себя образом обретает эту способность и вскоре начинает совершать «прыжки» в прошлое, каждый раз изменяя какую-то мелочь, тем самым облегчая себе жизнь или исправляя собственные промахи. Поначалу все идет замечательно, но вскоре Макото понимает, что каждое такое изменение влечет за собой последствия, подчас драматичные, а порой и трагичные для окружающих её людей...'),
(39, 'Больше музыки! Больше тортиков! Выпускной третьекурсниц старшей школы из «клуба лёгкой музыки» — беспечной и веселой Юи Хирасавы, неунывающей барабанщицы и председателя клуба Рицу Тайнаки, взыскательной, но застенчивой басистки Мио Акиямы и добросердечной Цумуги Котобуки, которая занимает место за клавишами — все ближе и ближе. И вместе с новой участницей, немного чудаковатой гитаристкой Адзусой Накано, присоединившейся к клубу позднее, они решаются на летнее путешествие после экзаменов. По воле случая, цель их путешествия — Лондон! Это милая и веселая история, являющаяся продолжением второго сезона одноименного телесериала, заставит вас смеяться и умиляться. Ожидайте забавные приключения и милый рок-н-ролл в центре чопорной Англии, новые песни и классику K-On!'),
(40, 'Торговец Крафт Лоуренс странствует по миру, зарабатывая деньги ради давней мечты — осесть в одном из городов и открыть собственный магазин. Уезжая из очередной деревни с грузом пшеницы, в своей повозке он обнаруживает спящую в колосьях девушку. Выглядит она необычно: без одежды, с хвостом и волчьими ушками. Проснувшись, та рассказывает Лоуренсу, что местные жители столетиями считали её богиней плодородия, делали ей подношения, а праздник урожая посвящают ей. Впрочем, сама она себя богиней не считает, и зовут её Холо. В последнее же время с развитием сельского хозяйства сельчане перестали зависеть от Холо и больше в неё не верят. Холо решила отправиться на родину, в северные земли, и просит Лоуренса доставить её туда, посулив, что в накладе тот не останется. Хорошо всё обдумав, Лоуренс соглашается...'),
(41, 'Специальный эпизод, включенный в Blu-ray издание Steins;Gate Complete. Альтернативное завершение , повествующее о событиях, происходивших в поле аттрактора β. Окабэ не получает послания из будущего, что подводит к началу истории.'),
(42, 'Спешл, приуроченный к Новому Году и выпущенный с ограниченным DVD-изданием полнометражного фильма «». В нём наши герои в уютной, предпраздничной обстановке обсудят самые яркие события второго сезона и поделятся своими переживаниями по поводу аниме.'),
(43, 'Действие фильма берет начало спустя год после событий аниме-сериала. Акихито предстоит встретиться лицом к лицу с новой угрозой, которая намеревается добраться до Мирай, и защитить своих близких друзей.'),
(44, 'Икэбукуро — один из районов Токио. Непонятные, волнующие, а порой и опасные события случаются здесь: фармацевтические компании проворачивают темные делишки, люди пропадают бесследно, местные банды воюют по одним им понятным причинам, и безголовый мотоциклист на черном байке мчится по улицам... Впрочем, последнее — всего-лишь легенда для туристов. Привыкший к размеренной и тихой жизни Микадо Рюгаминэ по приглашению друга детства Масаоми Киды переезжает в Икэбукуро. Прощай унылая сельская жизнь! Отныне Микадо становится частью большого города: новые школьные друзья и захватывающие приключения, знакомство с уличными бандами и сетевыми сообществами, дилеры черного рынка, сталкеры, маньяки и сверхъестественные существа — все это теперь станет частью его повседневной жизни!'),
(45, '«Семь Смертных Грехов». Давным-давно так называли семь могущественных рыцарей, обвинявшихся в сговоре, целью которого было свергнуть короля Британии. Воины были казнены благородным орденом Священных Рыцарей, однако ходят слухи, что «Семь Грехов» всё ещё живы. Десять лет спустя Священные Рыцари устроили государственный переворот и вероломно убили короля, установив собственную тиранию в стране. Элизабет, третья дочь короля, отправляется на поиски «Семи Смертных Грехов», дабы, заручившись их поддержкой, вернуть в страну закон и справедливость. Итак, путешествие начинается...'),
(46, 'Однажды ночью на голову ничего не подозревающего члена якудза по имени Йошифуми Нитта сваливается странный предмет, а вместе с ним — и куча проблем. Странным предметом оказывается коробка с не менее странной девочкой внутри. Девочку зовут Хина, и она обладает потрясающими сверхъестественными способностями. Может, Йошифуми и не надо свалившегося ему на голову «счастья», но как-то так получается, что он оставляет девочку жить у себя. Её суперсилы могут оказаться вполне полезными в его работе, но всегда остаётся нехилый риск того, что Хина применит свои способности не на том, на кого укажет Йошифуми, а на нём самом! Не говоря о небольшом минусе, связанном со сверхспособностями: если Хина их не использует, то с течением времени теряет рассудок, превращаясь в безумного монстра, уничтожающего всё, что попадётся под руку. Так и начинается необычная жизнь крайне необычной парочки.'),
(47, 'Макия родилась в отдалённом от цивилизации поселении йольфов, все жители которого перестают стареть, достигнув подросткового возраста. Пусть она и оказалась обделена родительской заботой, её жизнь безмятежна и ничем не примечательна, разве что временами посещает терзающее чувство одиночества... Всё меняется в один момент, когда армия соседнего государства вторгается в поселение с целью захватить одну из дев племени Макии и взрастить от неё нестареющего наследника престола. В то же время её подруга Лейрия — самая своенравная и свободолюбивая девушка в поселении — оказывается в плену у солдат и разлучается с любимым, бесследно исчезнувшим в пепелище. Волей случая Макии удаётся сбежать, но она оказывается одна, лишённая друзей и родного дома. Блуждая в одиночестве по лесу, молодая йольфийка находит младенца, потерявшего родителей из-за набега разбойников. Решив для себя позаботиться о крохе, девочка забирает его с собой, не представляя, чем обернётся её желание. Она даёт ему имя Эриал и продолжает свой путь сквозь года, наблюдая за тем, как тот растёт и становится мужчиной, а их чувства то крепнут, то разбиваются на колкие осколки реальности семейного быта. Всё потому, что Макия так и остаётся той же юной девочкой, какой её встретил доселе невиданный внешний мир. Ведь время, неподвластное ничьим обещаниям, для неё словно остановилось.'),
(48, 'Пролог к аниме-сериалу «Судьба/Ночь схватки: Бесконечный мир клинков», основанному на второстепенном руте одноименной визуальной новеллы. Сюжет повествует о сильнейшем маге Тосаке Рин, которая должна принять участие в войне Святого Грааля, а также о ее слуге Арчере и первых днях войны, описанных от лица Рин. В прологе показывается, какой девушка была до начала этих событий и почему стала мастером; что заставило её участвовать в войне и для чего ей нужен Святой Грааль. Кроме того, приоткрывается завеса тайны над связью Рин с Эмией Сиро.'),
(49, 'Время идет, а ученики маленькой школы Асахигаока, расположенной в одной из глубинок Японии, по-прежнему наслаждаются безмятежными буднями. Купаясь в лучах летнего солнца, скрываясь от жары среди тенистых аллей, ребята шумят и дурачатся. А на смену старым играм и занятиям приходят новые, будь то наблюдение за цветущей вишней, гонки наперегонки – непременно босиком – по обмелевшему руслу реки, выкапывание картофеля или строительство зимнего жилища эскимосов – иглу. Ведь нет ничего лучше приятной повседневности, где минуты складываются в часы незабываемого времяпрепровождения, плечом к плечу с искренними друзьями. И вот, когда кажется, будто история остановилась на месте, нужно просто внимательно приглядеться, и не заметишь, как уже нашел отдых для души. Души, умиротворенной приятной и трогательной обыденностью деревенской глубинки.'),
(50, 'Тёмный мошенник Дэйсю Кайки, который когда-то обманул Хитаги, возвращается в город и распространяет проклятие, которым ранее прокляли Надэко. Коёми вместе со своими «огненными сестрами», Карэн и Цукихи, предстоит остановить Дэйсю.'),
(51, 'Йона, единственная принцесса королевства Кока, ведет роскошную и беззаботную жизнь, как и подобает принцессам. У нее есть все: лучшая одежда и косметика, превосходные сладости, любящий отец, император Ил, и сильнейшие чувства к кузену Су-Вону, о котором многие могли лишь мечтать. Было бы еще лучше, если бы не ее так раздражающий телохранитель, Хак Сон, и малиново-рыжие волосы. Все меняется в ночь на шестнадцатый день рождения девушки. Почти идеальный мир быстро рассыпается, когда человек, которого она любит, Су-Вон, убивает ее отца. Путь к его становлению на престол ныне гарантирован. Вместе с Хаком, Йона скрывается из замка в поисках помощи, и с этого момента они начинают вести жизнь в бегах.'),
(52, 'Икэбукуро окутан паутиной тайн. Группа лиц, в которой каждый несет груз воспоминаний своей старой жизни, собирается в квартире Синры, чтобы общими усилиями разобраться с безумным водоворотом событий, захлестнувших Икэбукуро. В это же время на улицах района «Доллары», «Желтыe платки» и «Сайка» сражаются за контроль над городом. Микадо Рюгаминэ, Масаоми Кида и Анри Сонохара изо всех сил хотят вернуть прежние веселые и беззаботные дни, которые они проводили вместе. Но у каждого из них свой взгляд на то, как претворить это в жизнь, что лишь больше запутывает их и так непростые отношения. Кульминационным моментом становится появление головы Селти. Похоже, что история начинает подходить к концу.'),
(53, 'Коёми Арараги усердно готовится к вступительным экзаменам в колледж, но кое-что беспокоит его ум помимо учёбы: Коёми перестал отражаться в зеркале, словно настоящий вампир. Встревоженный такими изменениями в своём организме, Коёми решает обратиться за помощью к человекоподобной кукле Ёцуги Ононоки и её хозяйке Ёдзуру Кагэнуи, охотнице на бессмертных монстров. Быстро поняв, в чём корень проблемы Коёми, Ёдзуру предоставляет ему выбор: либо он как может воздерживается от использования вампирических способностей, доставшихся ему от Синобу Осино, либо навсегда теряет свою человечность.'),
(54, 'После Второго Удара все, что остаётся от Японии, это город Токио-3, подвергаемый постоянным атакам гигантских существ, стремящихся уничтожить человечество, и называемых Ангелами. Синдзи Икари, до этого не видевшийся с отцом восемь лет, получает от него телефонный звонок с требованием немедленно прибыть в штабквартиру NERV, организации противостоящей Ангелам. Для борьбы с Ангелами NERV используют гигантских мехов, называемых Евангелионами. Задачей Синдзи становится пилотирование Евы-01 и работа в команде с пилотом Евы-00 Рей Аянами.'),
(55, 'Спецвыпуск «Гинтамы», приуроченный к ограниченному изданию 58 тома манги. На Jump Special Anime Festa 2014 состоялся его предварительный показ. Слоган к аниме возвещает: «Всем членам Йорозуи пришла пора пробудиться вновь».'),
(56, 'Первый эпизод — адаптация двух бонусных глав, включенных в 12 том манги «Йона на заре». 1. «На пути домой» — описывает инцидент, произошедший с главными героями на горячим источнике. 2. «Ги-Я» — рассказывает историю прошлого Белого Дракона Ги-Я. Второй и третий эпизоды адаптируют не вошедшее в сериал окончание арки Зено и идут в качестве бонусов к 21 и 22 томам манги.'),
(57, 'Ёродзуя вновь с вами, а именно Саката Гинтоки, Шимура Шинпачи и Кагура! Причиной их собрания в Ryogoku Kokugikan (Стадион Сумо, Токио) является бурное обсуждение четырехлетие выпуска аниме. Будьте уверены, такого вы еще не видели! Неожиданные гости, битвы, тайны, воспоминания и еще много интересного в Спешле с шоу Gintama Harumatsuri Live.'),
(58, 'Почти забытый всеми бог Ято мечтает стать самым уважаемым божеством в мире со своим храмом и прочей роскошью. Но, во-первых, денег у него нет, во-вторых, работать он желанием не горит, а, в-третьих, ко всему прочему, нашего героя оставляет очередное оружие. Как-то раз, когда Ято выполнял одно из заданий, старшеклассница Хиёри Ики, не подозревающая о божественном статусе юноши, бросилась под автобус, чтобы его спасти. В результате, как выяснилось, душа Хиёри обрела способность отделяться от тела, пока та без сознания. Испуганная девушка попросила Ято вернуть её в прежнее состояние, но тот согласился лишь при одном условии: Хиёри должна помочь бродячему божку прославиться. Выйдет ли из этого что-нибудь?'),
(59, 'Команда Gintama собралась вместе, чтобы представить предварительный просмотр предстоящей дуги, самого большого в истории аниме, а также обсудить трудности, связанные с производством одного сезона.'),
(60, 'Наступил последний год обучения для основателей клуба лёгкой музыки: Юи Хирасавы, Рицу Тайнаки, Мио Акиямы и Цумуги Котобуки. Вместе со своей младшей участницей Адзусой Накано они проводят послешкольное время за чаем, поедая всякие сладости и порой репетируя. Помимо репетиций, выбора профориентации и поиска новых участников клуба у них множество и других школьных дел, но всё же они всегда находят время и для «After School Tea Time».'),
(61, 'Спешл-эпизод, включающий в себя несколько коротких комедийных историй, происходящих с Сакатой Гинтоки и его нищими (впрочем, как и он сам) напарниками - Шинпачи и Кагурой. Однажды весной, Гинтоки со своими друзьями отправляются любоваться цветением сакуры. Однако, оказавшись на месте, они сталкиваются с Шинсенгуми, заявляющими, что Гинтоки хочет занять выбранное ими место для наблюдения за сакурой. Теперь, чтобы занять желаемое место, команде Гинтоки и Шинсенгуми предстоит серьёзная битва друг с другом в жестокую версию игры \"Камень-ножницы-бумага\"...'),
(62, 'Давняя мечта протагониста по имени Фен недавно исполнилась — он начал встречаться с красивой девушкой, однако под видом просто студентки та вела тайные дела духов, вследствие чего Фен сам оказался втянут в мир нечистых сил. Сначала это казалось парню сущим адом, но потом он привык не только к Сюцеюр, но и стал вливаться в жизнь духов. Однако, главная проблема — угроза гибели всей Земли — всё ещё не устранена, а значит Фену ещё многое предстоит сделать. Но сможет ли парень спасать мир в то время, как его возлюбленная под угрозой? Правда ли мир не может подождать момента, когда Фен решит личные проблемы?..'),
(63, '— 6 месяцев прошло... Мы совсем не изменились... или так только кажется... Миновало полгода после хаоса в Икэбукуро; и теперь город и люди в нем полностью вернулись к нормальной жизни. Старшеклассники наслаждаются днями своей юности, пока сильнейший (и опаснейший) человек в Икэбукуро усердно трудится на благо общества. Информатор разрабатывает новые планы, а Всадник без головы успешно ускользает от полиции, каждый раз скрываясь в ночи... Однако скоро на смену воцарившемуся спокойствию вновь придет безумие. Медленно, но верно нечто неизвестное захватит город, и его жителям придется пройти через еще одну бурю.'),
(64, 'Икэбукуро — это место, наполненное разными тайнами и странностями. После того, как на главного торговца сбора и обмена информации Идзаю Орихару было совершенно покушение, в игру вступает Микадо Рюгаминэ, обладающий мощью двух цветных банд — «Долларов« и «Синих квадратов». Следуя своим собственным убеждениям, он рвется разобраться с воцарившимся в городе хаосом.'),
(65, 'Дополнительная часть истории Границы пустоты. Это история о предсказателях и предсказаниях. С раннего детства Шизуне Сео видела будущее других людей, и её это всегда тяготило. Она раз за разом пыталась предупредить людей об опасности с помощью своего дара, но они не верили ей. Пока однажды она не встретила странного парня по имени Кокуто Микия. Человек, называющий себя Курамицу Мерука, работал подрывником. Он считал это именно работой, и ему всегда удавалось выходить сухим из воды благодаря своему дару абсолютного предвидения. Пока однажды он не встретил девушку, которую не смог выявить в своём будущем, девушку по имени Рёги Шики. А через десять лет странный писатель беседует с милой девочкой в старом пятиэтажном заброшенном здании, переделанном под захламлённый офис. И события прошедших лет неожиданно по-новому раскрываются в их небольшой беседе...'),
(66, 'Бонусное, ограниченное издание 15-го и 16-го томов оригинальной манги. 15 том манги адаптирован и издан на DVD 17 ноября 2015 года. Он рассказывает историю «По стопам двух стереотипных часов» (ориг. Nijikan no Teikei ni So Koto) из первого тома манги «Бездомный бог: Экстра», которая является спин-оффом основной истории. 16 том — адаптация 41-й главы манги, где главные герои отправляются в Капипаленд.'),
(67, 'Это история Суруги Канбару после того, как Коёми Арараги закончил старшую школу. В городе появляется таинственный человек, называющий себя «Дьяволом» и решающий проблемы. Канбару, опасаясь, что может сама являться этим самым «Дьяволом», ищет с ним встречи. Но находит совсем не то, что ожидала. «Дьяволом» оказывается старая соперница Канбару, с которой у неё было немало битв на баскетбольной площадке. Какую цель преследует Рока Нумачи? На самом ли деле она та, за кого себя выдаёт, или это очередная подделка? Начинается последняя, решающая дальнейшую судьбу старых соперниц, игра.'),
(68, 'Милая и наивная девушка по имени Кобато отправляется на Землю с целью исполнить свое заветное желание. Для этого ей предстоит исцелять людские сердца, наполняя волшебную бутылочку «осколками» их страданий. Проводником и куратором Кобато в мире людей выступает Иорёги – могущественное магическое существо в образе синего плюшевого пса. Разумеется, прибыв на Землю, Кобато оказывается в затруднительном положении. Ведь она не имеет никакого представления ни о людях, ни о жизни в их мире, а все ее знания опираются на информацию, почерпнутую из манги. Но несмотря на все свои странности, выясняется, что Кобато прекрасно подготовлена к миссии: обладая добрым и сострадательным сердцем, она искренна в стремлении помогать людям. Кобато быстро завоевывает любовь и восхищение всех, кому помогает, однако самой ей не позволено проявлять чувства к тем, чьи сердца она исцеляет.'),
(69, 'Легендарная онлайн-игра «Иггдрасиль» неожиданно закрывается. Желая остаться в любимом мире подольше, игрок, управляющий персонажем по имени Момонга, решает оставаться в игре до полного отключения серверов. Момонга — лич, глава одной из топовых гильдий, представляющих в игре «тёмную» сторону. В момент отключения сервера он собрал всех своих прислужников в главном зале гильдии, сел на трон и стал ждать неизбежного. Но произошло невероятное: сервер не прервал подключение, игра продолжилась, а Момонга превратился в скелета, могущественного волшебника. Неигровые персонажи вдруг начали проявлять человеческие эмоции. Теперь безо всякой помощи, без друзей и без какой-либо информации о происходящем, Момонге придётся завоевать этот мир, чтобы найти выход.'),
(70, 'Четыре специальных эпизода, рассказывающих о событиях, произошедших с Хэй и Инь между первым и вторым сезоном аниме-сериала «Темнее чёрного».'),
(71, 'Фильм является предысторией к первому сезону аниме и рассказывает, что случилось с героями до начала истории. Действие происходит в альтернативном мире «Судьба/Девочка-волшебница Иллия». Разрушение мира неизбежно, а единственная, кто может это предотвратить, — Мию. Сиро, опекающий Мию, пытается найти другие способы решения этой проблемы.'),
(72, 'Адаптация 6 тома ранобе из серии \"Monogatari\". Наступила Золотая Неделя, и Арараги, как у него всегда бывает на каникулах, абсолютно не знает чем заняться. Но эта проблема внезапно была решена после одного странного события: он вместе с Ханекавой Цубасой наткнулся на сбитую машиной белую кошку и похоронил её. После чего дух Мартовской кошки вселяется в Цубасу и начинает снимать её стресс своими, не щадящими никого, методами. Теперь нужно как-то спасти настоящую личность Цубасы, пока не стало слишком поздно.'),
(73, 'Два дополнительных эпизода (12.5 и 25) оригинального аниме-сериала «», выпущенные на DVD дисках.'),
(74, 'Музыкальное видео под названием Yakusoku no Kizuna из полнометражного фильма-рекапа «По ту сторону границы: Я буду рядом — Прошлое».'),
(75, 'Продолжение аниме-сериала «Повелитель», созданного режиссёром Наоюки Ито. История повествует о Момонге, скелете-волшебнике, который остался в легендарной онлайн-игре под названием «Иггдрасиль» из-за некорректной работы сервера. Теперь, дабы найти выход из этого мира, ему надо завоевать его. Для усиления Назарика Момонге нужна сильная армия нежити, а для этого нужны сильные, крепкие тела. Он приказывает уничтожить род людоящеров. На сей раз зрителю покажут попытки противостояния людоящеров против Момонги.'),
(76, 'Carnival Phantasm — это адаптация манги Take Moon, придуманной Эри Такенаши. Аниме представляет собой набор пародий на работы студии Type-Moon, такие как «Судьба/Ночь схватки», «Повесть о лунной принцессе», «Талая кровь» и др. Знакомые нам персонажи предстают перед нами в весьма неожиданных и смешных амплуа, иронизируют над ошибками оригиналов, словом делают все то, что и должны делать персонажи добротной, качественной комедии. Добро пожаловать на Карнавал Фантазмов, друзья!'),
(77, '«The Everlasting Guilty Crown» — второй сингл музыкальной группы «EGOIST», использованный в качестве второй вступительной темы в аниме «Корона грешника». В выпуске ограниченного тиража есть DVD-диск с телевизионной редакцией песни, анимированной в 3D CGI.'),
(78, 'Крафт Лоуренс и Холо продолжают своё путешествие на север...'),
(79, 'Перед зрителем — новая история Юты и Рикки во время их третьего года обучения в старшей школе. Одним весенним днём Тока заявляет, что собирается забрать Рикку в Италию, так как её работа в местном ресторане наладилась, и она считает, что они должны жить там вместе, как семья. Току также беспокоит, что Рикка недостаточно умна, чтобы поступить в один из университетов Японии. В это время друзья из клуба предлагают Юте, который не хочет расставаться со своей возлюбленной, сбежать вместе с ней. Так, эти события и положили начало бегству двух влюблённых по всей Японии.'),
(80, 'В академии Фумидзуки все по-старому. Класс F зарится на комнату класса A. Юдзи ревет от пыток Сёко. В Хидэёси по-прежнему не признают парня. Минами и Мидзуки не могут признаться придурковатому Акихисе. А Папарацци безнадежно страдает от потери крови. Второй сезон готовит еще больше смеха и глупых ситуаций, ведь в этом семестре наши герои пытаются проникнуть в женскую баню и успевают повздорить с третьеклассниками.'),
(81, 'Прямое продолжение аниме-сериала «Врата: Там бьются наши воины». Яо Хаа Дюши, дав клятву своему клану о том, что она сможет найти и привести «людей в зеленом», чтобы те помогли справиться с Красным драконом, отправляется на их поиски. Найдя их базу, она просит их о помощи, но никто ее не понимает. От владелицы трактира она узнает, что единственный, кто сможет ей как-то помочь — это Итами. Но, так и не дождавшись помощи от Итами, Яо Хаа подставляет его, напомнив Туке о смерти её отца. Из-за этого рассудок Туки помутнел, и она стала видеть в Итами своего отца. Чтобы вернуть Туку в нормальное состояние, Итами решается убить Красного дракона.'),
(82, 'Провинциальная деревня Сотоба с населением в 1300 человек затерялась где-то в горах современной Японии. Кто-то тут мечтает сбежать в большой город к цивилизации, как, например, 15-летняя Мэгуми Симидзу, грезящая о яркой жизни и гламуре. Кто-то, наоборот, возвращается назад в Сотобу ближе к корням, как Тосио Одзаки, возродивший местную клинику. А кто-то просто устал от городской суеты и хочет спокойной сельской жизни, как семья Нацуно. Жизнь здесь течет неторопливо и размеренно, однако переезд новоселов в особняк на холме нарушает привычный ритм жизни сельчан и вызывает всяческие пересуды. Вскоре в Сотобе разгорается эпидемия: один за другим люди заболевают странной болезнью, лишающей их сил, и через несколько дней они умирают. Тосио Одзаки бросает все силы на борьбу с эпидемией, безуспешно пытаясь понять причину происходящего и надеясь спасти умирающих. И по деревне начинают бродить мрачные слухи об окиагари — восставших из могил мертвецах...'),
(83, 'Эпизод, вышедший в комплекте с 10-м томом манги. Что ждёт школьник при переходе в старшую школу? Он думает о возможной популярности, новых друзьях и знакомствах, влюблённости... Хиёри Ики шагает в этот учебный год с новыми силами и стремлениями, но её планы ещё в самом начале пути нарушает Ято. Весьма своеобразным способом, в который раз, решивший заявить о своём существовании миру. Щепотку взбалмошности, щепотку соблазнительности, щепотку спортивности и самоотверженности… Вот и готов образ, сформированный в первый день пребывания в старшей школе Хиёри Ики.'),
(84, 'Август 20XX-го. В Гинзе – самом фешенебельном районе Токио – появляется загадочный портал, ведущий в параллельный мир. В ту же минуту самобытные «Врата» начинают изрыгать орды монстров и прочих отвратительных созданий, превращая торговый район города в бродячий цирк уродов, жаждущих разрушений. Японские Силы Самообороны не заставляют себя долго ждать. Оперативно приняв решительные меры, бравые солдаты грубой силой заталкивают сказочных существ обратно в дверь между мирами и через какое-то время сами решают перейти в наступление. Однако, как известно, чем больше знаешь о враге, тем легче дается победа. И вот через портал отправляется специальная разведывательная группа, созданная с целью сбора информации о противнике. Йоджи Итами, 33-летнего офицера Сил Самообороны, а также заядлого отаку, назначают командиром операции. Перебравшись на ту сторону, храбрая разведка посещает множество мест этого необычного мира и узнает немало нового о здешней культуре и географии. Оказывается, загадочный мир не такой уж загадочный, а большинство населяющих его жителей вовсе не агрессивны. Йоджи и его подчиненные даже обретают здесь новых друзей: очаровательную эльфийку, талантливую волшебницу и удивительную полубогиню. В это же время могущественные державы, такие как США, Китай и Россия, все больше интересуются землями за «Вратами», изобилующими ценными ресурсами. Дл'),
(85, 'Невыпущенные эпизоды из 8 и 9 глав с Blu-ray Disc/DVD.'),
(86, 'Сериал продемонстрирует нам несколько различных сценариев развития юной влюбленности. Например, историю о парне, который совершенно потерял голову от неуверенности в себе, и оттого неспособен адекватно принять тот факт, что девушка мечты пригласила его на свидание. Или о девушке, чье душевное здоровье вызывает сомнение, ведь она начиняет приготовленные дома печенюшки собственной кровью, свято веря в то, что это поможет завоевать сердце возлюбленного.'),
(87, 'Специальный эпизод аниме-сериала «», включенный в 9 том BD и DVD издания.'),
(88, 'Дополнительный эпизод с выступлением «Afterschool Teatime» в канун рождества.'),
(89, 'Тёмные силы следуют за старшеклассником по имени Акихито Канбара. Он наполовину человек, наполовину ёму, и все раны на нём сразу заживают. Однажды Акихито встречает новенькую, Мирай Курияма, когда она вот-вот была готова спрыгнуть с крыши школы. Мирай одинока из-за своей способности манипулировать кровью - дара, уникального даже среди обитателей мира духов. Но после того, как Акихито спасает Мирай, начинают происходить тревожные события.'),
(90, 'Специальный эпизод, завершающий основную сюжетную линию оригинального аниме «Данганронпа 3: Конец школы надежды — Будущее».'),
(91, 'Дополнительный эпизод второго сезона оригинального аниме-сериала «», выпущенный в комплекте с десятым томом манги.'),
(92, 'Тайная антиправительственная организация «Реверс» начинает действовать всё активнее, непрерывно вербуя в свои ряды людей из темных районов, ненавидящих жителей светлых кварталов, имеющих все то, чего с детства лишены они сами. Потерявший память Гош Суэд становится одним из наёмников этой организации и участвует в операциях по поимке «почтовых пчел». Лаг Сиинг в это же время получает звание полноправной «почтовой пчелы» и, поклявшись сделать все возможное для нахождения Гоша, поселяется жить у его сестры Сильветты. Лаг вместе со своим хранителем Ничи продолжает путешествовать и выполнять свою работу, когда судьба в конце концов сводит их с Гошем, в то время уже работающего на «Реверс». Ничего хорошего из этой встречи конечно же не выходит, и как будут дальше развиваться события, увидят зрители второго сезона «Почтовой Пчелы».'),
(93, 'Юи Хирасава — молодая и беззаботная девушка, только-только поступившая в старшую школу. В первый же день учёбы она замечает рекламный плакат «клуба лёгкой музыки» и, загоревшись желанием вступить туда, отправляется записываться в участники. По приходу в комнату клуба, её тепло встречают находящиеся там девушки: Рицу Тайнака, Мио Акияма и Цумуги Котобуки. Однако выясняется, что Юи не умеет играть ни на одном музыкальном инструменте, но, несмотря на это, её убеждают вступить, хотя бы для того, чтобы предотвратить роспуск клуба. А прослушав небольшую композицию, интерес у Юи разгорается лишь сильнее, и она решает учиться играть на гитаре. Пролетают неделя за неделей, наряду со школьными занятиями и домашней работой, Юи учится игре на гитаре, попутно сталкиваясь со множеством проблем и с различным успехом решая их, не без помощи новообретённых подруг. Ей ещё далеко до совершенства, а школьный фестиваль всё ближе и ближе... Успеет ли «клуб лёгкой музыки» подготовиться для своего дебютного выступления?'),
(94, 'Дополнительный эпизод (4.5) оригинального аниме-сериала «Дюрарара!! 2: Наследие», выпущенный на DVD и Blu-Ray дисках.'),
(95, 'Рекап аниме-сериала «По ту сторону границы» в формате полнометражного фильма.'),
(96, 'Пересказ событий сериала «Вторжение гигантов 2».'),
(97, 'Вышедшая спустя месяц после показа «Повелитель: Бессмертный король», данная часть расскажет о концовке первого сезона и напомнит, чем же всё кончилось. Полнометражная версия второй половины одноимённого сериала.'),
(98, 'Академия «Пик надежды» — это специальная школа, признанная правительством, созданная для того, чтобы собрать и обучать студентов высшего класса, которые добиваются успехов в различных областях. Школа имеет два курса: основной и подготовительный курс. Любой человек с деньгами может войти в подготовительный курс, даже если он не имеет каких-либо специальных навыков. 77-й класс основного курса заполнен студентами, которые не только обладают уникальными способностями, но также являются уникальными личностями. Тем не менее, студенты знают, что талант — не самое главное в жизни; это то, что может связывать людей и сделать тебя лучше, создавая воспоминания. Но мало кому известно про таинственный проект и дискриминацию курсов, что происходят прямо у них под носом. Хаджимэ Хината — мальчик из подготовительного класса, который жаждет обладать уникальным талантом. В судьбоносный момент он повернет будущее школы в невообразимом направлении. Это история о том, что произошло вплоть до «самого большого, самого ужасного, самого трагического события в истории человечества». Это история о надежде, которая заканчивается отчаянием.'),
(99, 'В жизни Коёми Арараги случались разные истории, связанные со сверхъестественным. В них был замешан не только он, но и его спутницы. В промежутках между всеми уже рассказанными историями случались и такие, которые были опущены, но о которых теперь нельзя не рассказать. Истории о вещах незначительных на первый взгляд, однако не для главного героя. Сможет ли Коёми достигнуть своей цели, и к чему же его приведут эти события?'),
(100, 'Эти дополнительные серии охватывают события, произошедшие в 184-188 главах оригинальной манги. В отличие от первого и второго сезона сериала, история и характер персонажей не были как-то существенно изменены.');

CREATE TABLE genres(
GenreID int(11) NOT NULL AUTO_INCREMENT,
GenreName varchar(255) NOT NULL,
PRIMARY KEY(GenreID)
) ENGINE=InnoDB;

INSERT INTO genres(GenreID, GenreName) VALUES
(1, 'Экшен'), (2, 'Приключения'), (3, 'Комедия'), (4, 'Драма'), (5, 'Фэнтези'), (6, 'Ужасы'), (7, 'Детектив'), (8, 'Психологическое'),
(9, 'Романтика'), (10, 'Фантастика'), (11, 'Повседневность'), (12, 'Сверхъестественное'), (13, 'Магия'), (14, 'Суперсила'), (15, 'Этти');

CREATE TABLE links(
LinkID int(11) NOT NULL AUTO_INCREMENT,
Source varchar(255) NOT NULL,
PRIMARY KEY (LinkID)
) ENGINE=InnoDB;

INSERT INTO links(LinkID, Source) VALUES
(1, 'https://play.shikimori.org/animes/28977-gintama/video_online/1'),
(2, 'https://play.shikimori.org/animes/9253-steins-gate/video_online/1'),
(3, 'https://play.shikimori.org/animes/30484-steins-gate-0/video_online/1'),
(4, 'https://play.shikimori.org/animes/9969-gintama/video_online/1'),
(5, 'https://play.shikimori.org/animes/15417-gintama-enchousen/video_online/1'),
(6, 'https://play.shikimori.org/animes/15335-gintama-movie-2-kanketsu-hen-yorozuya-yo-eien-nare/video_online/1'),
(7, 'https://play.shikimori.org/animes/918-gintama/video_online/1'),
(8, 'https://play.shikimori.org/animes/34096-gintama/video_online/1'),
(9, 'https://play.shikimori.org/animes/35247-owarimonogatari-2nd-season/video_online/1'),
(10, 'https://play.shikimori.org/animes/31758-kizumonogatari-iii-reiketsu-hen/video_online/1'),
(11, 'https://play.shikimori.org/animes/36838-gintama-shirogane-no-tamashii-hen/video_online/1'),
(12, 'https://play.shikimori.org/animes/y17074-monogatari-series-second-season/video_online/1'),
(13, 'https://play.shikimori.org/animes/31757-kizumonogatari-ii-nekketsu-hen/video_online/1'),
(14, 'https://play.shikimori.org/animes/11741-fate-zero-2nd-season/video_online/1'),
(15, 'https://play.shikimori.org/animes/4282-kara-no-kyoukai-5-mujun-rasen/video_online/1'),
(16, 'https://play.shikimori.org/animes/35843-gintama-porori-hen/video_online/1'),
(17, 'https://play.shikimori.org/animes/11577-steins-gate-movie-fuka-ryouiki-no-dej-vu/video_online/1'),
(18, 'https://play.shikimori.org/animes/7472-gintama-movie-1-shinyaku-benizakura-hen/video_online/1'),
(19, 'https://play.shikimori.org/animes/21899-gintama-yorinuki-gintama-san-on-theater-2d/video_online/1'),
(20, 'https://play.shikimori.org/animes/5205-kara-no-kyoukai-7-satsujin-kousatsu-kou/video_online/1'),
(21, 'https://play.shikimori.org/animes/x28805-bakemono-no-ko/video_online/1'),
(22, 'https://play.shikimori.org/animes/32366-gintama-aizome-kaori-hen/video_online/1'),
(23, 'https://play.shikimori.org/animes/13125-shinsekai-yori/video_online/1'),
(24, 'https://play.shikimori.org/animes/25537-fate-stay-night-movie-heaven-s-feel-i-presage-flower/video_online/1'),
(25, 'https://play.shikimori.org/animes/35557-houseki-no-kuni-tv/video_online/1'),
(26, 'https://play.shikimori.org/animes/3784-evangelion-2-0-you-can-not-advance/video_online/1'),
(27, 'https://play.shikimori.org/animes/10087-fate-zero/video_online/1'),
(28, 'https://play.shikimori.org/animes/31181-owarimonogatari/video_online/1'),
(29, 'https://play.shikimori.org/animes/10863-steins-gate-oukoubakko-no-poriomania/video_online/1'),
(30, 'https://play.shikimori.org/animes/9260-kizumonogatari-i-tekketsu-hen/video_online/1'),
(31, 'https://play.shikimori.org/animes/5341-ookami-to-koushinryou-ii/video_online/1'),
(32, 'https://play.shikimori.org/animes/34577-nanatsu-no-taizai-imashime-no-fukkatsu/video_online/1'),
(33, 'https://play.shikimori.org/animes/z30503-noragami-aragoto/video_online/1'),
(34, 'https://play.shikimori.org/animes/28701-fate-stay-night-unlimited-blade-works-2nd-season/video_online/1'),
(35, 'https://play.shikimori.org/animes/6945-gintama-shiroyasha-koutan/video_online/1'),
(36, 'https://play.shikimori.org/animes/329-planetes/video_online/1'),
(37, 'https://play.shikimori.org/animes/z5081-bakemonogatari/video_online/1'),
(38, 'https://play.shikimori.org/animes/2236-toki-wo-kakeru-shoujo/video_online/1'),
(39, 'https://play.shikimori.org/animes/9617-eiga-k-on/video_online/1'),
(40, 'https://play.shikimori.org/animes/2966-ookami-to-koushinryou/video_online/1'),
(41, 'https://play.shikimori.org/animes/32188-steins-gate-kyoukaimenjou-no-missing-link-divide-by-zero/video_online/1'),
(42, 'https://play.shikimori.org/animes/9735-gintama-shinyaku-benizakura-hen/video_online/1'),
(43, 'https://play.shikimori.org/animes/28675-kyoukai-no-kanata-movie-2-i-ll-be-here-mirai-hen/video_online/1'),
(44, 'https://play.shikimori.org/animes/6746-durarara/video_online/1'),
(45, 'https://play.shikimori.org/animes/23755-nanatsu-no-taizai/video_online/1'),
(46, 'https://play.shikimori.org/animes/36296-hinamatsuri/video_online/1'),
(47, 'https://play.shikimori.org/animes/35851-sayonara-no-asa-ni-yakusoku-no-hana-wo-kazarou/video_online/1'),
(48, 'https://play.shikimori.org/animes/27821-fate-stay-night-unlimited-blade-works-prologue/video_online/1'),
(49, 'https://play.shikimori.org/animes/z23623-non-non-biyori-repeat/video_online/1'),
(50, 'https://play.shikimori.org/animes/y11597-nisemonogatari/video_online/1'),
(51, 'https://play.shikimori.org/animes/z25013-akatsuki-no-yona/video_online/1'),
(52, 'https://play.shikimori.org/animes/27833-durarara-x2-ketsu/video_online/1'),
(53, 'https://play.shikimori.org/animes/28025-tsukimonogatari/video_online/1'),
(54, 'https://play.shikimori.org/animes/2759-evangelion-1-0-you-are-not-alone/video_online/1'),
(55, 'https://play.shikimori.org/animes/25313-gintama-futon-ni-haitte-kara-buki-nokoshi-ni-kizuite-neru-ni-nerenai-toki-mo-aru/video_online/1'),
(56, 'https://play.shikimori.org/animes/30370-akatsuki-no-yona-ova/video_online/1'),
(57, 'https://play.shikimori.org/animes/10643-gintama-dai-hanseikai/video_online/1'),
(58, 'https://play.shikimori.org/animes/20507-noragami/video_online/1'),
(59, 'https://play.shikimori.org/animes/32122-gintama-umai-mono-wa-atomawashi-ni-suru-to-yokodorisareru-kara-yappari-saki-ni-kue/video_online/1'),
(60, 'https://play.shikimori.org/animes/7791-k-on/video_online/1'),
(61, 'https://play.shikimori.org/animes/2951-gintama-nanigoto-mo-saiyo-ga-kanjin-nano-de-tasho-senobisuru-kurai-ga-choudoyoi/video_online/1'),
(62, 'https://play.shikimori.org/animes/36160-yaoguai-mingdan-2nd-season/video_online/1'),
(63, 'https://play.shikimori.org/animes/23199-durarara-x2-shou/video_online/1'),
(64, 'https://play.shikimori.org/animes/27831-durarara-x2-ten/video_online/1'),
(65, 'https://play.shikimori.org/animes/14807-kara-no-kyoukai-mirai-fukuin/video_online/1'),
(66, 'https://play.shikimori.org/animes/30885-noragami-aragoto-ova/video_online/1'),
(67, 'https://play.shikimori.org/animes/21855-hanamonogatari/video_online/1'),
(68, 'https://play.shikimori.org/animes/5678-kobato/video_online/1'),
(69, 'https://play.shikimori.org/animes/29803-overlord/video_online/1'),
(70, 'https://play.shikimori.org/animes/y7338-darker-than-black-kuro-no-keiyakusha-gaiden/video_online/1'),
(71, 'https://play.shikimori.org/animes/34100-fate-kaleid-liner-prisma-illya-movie-sekka-no-chikai/video_online/1'),
(72, 'https://play.shikimori.org/animes/15689-nekomonogatari-kuro/video_online/1'),
(73, 'https://play.shikimori.org/animes/8408-durarara-specials/video_online/1'),
(74, 'https://play.shikimori.org/animes/30745-kyoukai-no-kanata-movie-i-ll-be-here-kako-hen-yakusoku-no-kizuna/video_online/1'),
(75, 'https://play.shikimori.org/animes/35073-overlord-ii/video_online/1'),
(76, 'https://play.shikimori.org/animes/10012-carnival-phantasm/video_online/1'),
(77, 'https://play.shikimori.org/animes/17949-the-everlasting-guilty-crown/video_online/1'),
(78, 'https://play.shikimori.org/animes/6007-ookami-to-koushinryou-ii-ookami-to-kohakuiro-no-yuuutsu/video_online/1'),
(79, 'https://play.shikimori.org/animes/35608-chuunibyou-demo-koi-ga-shitai-movie-take-on-me/video_online/1'),
(80, 'https://play.shikimori.org/animes/8516-baka-to-test-to-shoukanjuu-ni/video_online/1'),
(81, 'https://play.shikimori.org/animes/31637-gate-jieitai-kanochi-nite-kaku-tatakaeri-2nd-season/video_online/1'),
(82, 'https://play.shikimori.org/animes/7724-shiki/video_online/1'),
(83, 'https://play.shikimori.org/animes/20767-noragami-ova/video_online/1'),
(84, 'https://play.shikimori.org/animes/z28907-gate-jieitai-kanochi-nite-kaku-tatakaeri/video_online/1'),
(85, 'https://play.shikimori.org/animes/10083-shiki-specials/video_online/1'),
(86, 'https://play.shikimori.org/animes/34902-tsurezure-children/video_online/1'),
(87, 'https://play.shikimori.org/animes/9734-k-on-keikaku/video_online/1'),
(88, 'https://play.shikimori.org/animes/6862-k-on-live-house/video_online/1'),
(89, 'https://play.shikimori.org/animes/18153-kyoukai-no-kanata/video_online/1'),
(90, 'https://play.shikimori.org/animes/34103-danganronpa-3-the-end-of-kibougamine-gakuen-kibou-hen/video_online/1'),
(91, 'https://play.shikimori.org/animes/32547-non-non-biyori-repeat-hotaru-ga-tanoshinda/video_online/1'),
(92, 'https://play.shikimori.org/animes/z8311-tegamibachi-reverse/video_online/1'),
(93, 'https://play.shikimori.org/animes/5680-k-on/video_online/1'),
(94, 'https://play.shikimori.org/animes/30191-durarara-x2-shou-watashi-no-kokoro-wa-nabe-moyou/video_online/1'),
(95, 'https://play.shikimori.org/animes/25015-kyoukai-no-kanata-movie-1-i-ll-be-here-kako-hen/video_online/1'),
(96, 'https://play.shikimori.org/animes/36702-shingeki-no-kyojin-movie-3-kakusei-no-houkou/video_online/1'),
(97, 'https://play.shikimori.org/animes/34428-overlord-movie-2-shikkoku-no-eiyuu/video_online/1'),
(98, 'https://play.shikimori.org/animes/33028-danganronpa-3-the-end-of-kibougamine-gakuen-zetsubou-hen/video_online/1'),
(99, 'https://play.shikimori.org/animes/32268-koyomimonogatari/video_online/1'),
(100, 'https://play.shikimori.org/animes/6050-mahou-sensei-negima-mou-hitotsu-no-sekai/video_online/1');

CREATE TABLE pictures(
PicID int(11) NOT NULL AUTO_INCREMENT,
PicName varchar(255) NOT NULL,
PRIMARY KEY(PicID)
) ENGINE=InnoDB;

INSERT INTO pictures(PicID, PicName) VALUES
(1, '28977.jpg'), (2, '9253.jpg'), (3, '30484.jpg'), (4, '9969.jpg'), (5, '15417.jpg'), (6, '15335.jpg'), (7, '918.jpg'), (8, '34096.jpg'),
(9, '35247.jpg'), (10, '31758.jpg'), (11, '36838.jpg'), (12, '17074.jpg'), (13, '31757.jpg'), (14, '11741.jpg'), (15, '4282.jpg'), (16, '35843.jpg'),
(17, '11577.jpg'), (18, '7472.jpg'), (19, '21899.jpg'), (20, '5205.jpg'), (21, '28805.jpg'), (22, '32366.jpg'), (23, '13125.jpg'), (24, '25537.jpg'),
(25, '35557.jpg'), (26, '3784.jpg'), (27, '10087.jpg'), (28, '31181.jpg'), (29, '10863.jpg'), (30, '9260.jpg'), (31, '5341.jpg'), (32, '34577.jpg'),
(33, '30503.jpg'), (34, '28701.jpg'), (35, '6945.jpg'), (36, '329.jpg'), (37, '5081.jpg'), (38, '2236.jpg'), (39, '9617.jpg'), (40, '2966.jpg'),
(41, '32188.jpg'), (42, '9735.jpg'), (43, '28675.jpg'), (44, '6746.jpg'), (45, '23755.jpg'), (46, '36296.jpg'), (47, '27821.jpg'), (48, '23623.jpg'),
(49, '11597.jpg'), (50, '35851.jpg'), (51, '25013.jpg'), (52, '27833.jpg'), (53, '28025.jpg'), (54, '2759.jpg'), (55, '25313.jpg'), (56, '30370.jpg'),
(57, '10643.jpg'), (58, '20507.jpg'), (59, '32122.jpg'), (60, '7791.jpg'), (61, '2951.jpg'), (62, '36160.jpg'), (63, '23199.jpg'), (64, '27831.jpg'),
(65, '14807.jpg'), (66, '30885.jpg'), (67, '21855.jpg'), (68, '5678.jpg'), (69, '29803.jpg'), (70, '7338.jpg'), (71, '34100.jpg'), (72, '15689.jpg'),
(73, '8408.jpg'), (74, '30745.jpg'), (75, '35073.jpg'), (76, '10012.jpg'), (77, '17949.jpg'), (78, '6007.jpg'), (79, '35608.jpg'), (80, '8516.jpg'),
(81, '31637.jpg'), (82, '7724.jpg'), (83, '20767.jpg'), (84, '28907.jpg'), (85, '10083.jpg'), (86, '34902.jpg'), (87, '9734.jpg'), (88, '6862.jpg'),
(89, '18153.jpg'), (90, '34103.jpg'), (91, '32547.jpg'), (92, '8311.jpg'), (93, '5680.jpg'), (94, '30191.jpg'), (95, '25015.jpg'), (96, '36702.jpg'),
(97, '34428.jpg'), (98, '33028.jpg'), (99, '32268.jpg'), (100, '6050.jpg');

CREATE TABLE studios(
StudioID int(11) NOT NULL AUTO_INCREMENT,
StudioName varchar(255) NOT NULL,
PRIMARY KEY(StudioID)
) ENGINE=InnoDB;

INSERT INTO studios(StudioID, StudioName) VALUES
(1, '8bit'), (2, 'A-1 Pictures Inc.'), (3, 'J.C. Staff'), (4, 'Kyoto Animation'), (5, 'Madhouse Studios'),
(6, 'P.A. Works'), (7, 'Silver Link'), (8, 'Studio DEEN'), (9, 'Studio Pierrot'), (10, 'feel.'),
(11, 'Wit Studio'), (12, 'Diomedea'), (13, 'Satelight'), (14, 'David Production'), (15, 'XEBEC');

CREATE TABLE users(
Login varchar(255) NOT NULL,
Password varchar(255) NOT NULL,
Level int(11) NOT NULL,
PRIMARY KEY(Login)
) ENGINE=InnoDB;

INSERT INTO users(Login, Password, Level) VALUES ('Админ', 'admin', 0), ('Вадим', '1234', 1), ('Иванов', 'ivan', 1), ('Петров', 'petr', 0);

CREATE TABLE list(
ID int(11) NOT NULL AUTO_INCREMENT,
Title varchar(255) NOT NULL,
SeriesNumber int(11) NOT NULL,
Type varchar(255) NOT NULL,
GenreID int(11) NOT NULL,
StudioID int(11) NOT NULL,
PRIMARY KEY(ID),
FOREIGN KEY(GenreID) REFERENCES genres(GenreID),
FOREIGN KEY(StudioID) REFERENCES studios(StudioID)
) ENGINE=InnoDB;

INSERT INTO list(ID, Title, SeriesNumber, Type, GenreID, StudioID) VALUES
(1, 'Гинтама 4', 51, 'Сериал', 1, 10),
(2, 'Врата Штейна', 24, 'Сериал', 1, 10),
(3, 'Врата Штейна 0', 23, 'Сериал', 1, 10),
(4, 'Гинтама 2', 51, 'Сериал', 1, 10),
(5, 'Гинтама 3', 13, 'Сериал', 1, 10),
(6, 'Гинтама: Финальная арка — Ёродзуя навсегда!', 1, 'Фильм', 1, 10),
(7, 'Гинтама', 201, 'Сериал', 1, 10),
(8, 'Гинтама 5', 12, 'Сериал', 1, 10),
(9, 'История финала 2', 7, 'Сериал', 1, 10),
(10, 'Истории ран. Часть 3: Холодная кровь', 1, 'Фильм', 1, 10),
(11, 'Гинтама 7', 12, 'Сериал', 2, 9),
(12, 'Цикл историй: Второй сезон', 26, 'Сериал', 2, 9),
(13, 'Истории ран. Часть 2: Горячая кровь', 1, 'Фильм', 2, 9),
(14, 'Судьба/Начало 2', 12, 'Сериал', 2, 9),
(15, 'Граница пустоты 5: Спираль парадокса', 1, 'Фильм', 2, 9),
(16, 'Гинтама 6', 13, 'Сериал', 2, 9),
(17, 'Врата Штейна: Зона загрузки дежавю', 1, 'Фильм', 2, 9),
(18, 'Гинтама: Сказание о Бэнизакуре', 1, 'Фильм', 2, 9),
(19, 'Гинтама: Лучшее из «Гинтамы» на Theater 2D', 2, 'Фильм', 2, 9),
(20, 'Граница пустоты 7: Теория убийства (Часть 2)', 1, 'Фильм', 2, 9),
(21, 'Дитя чудовища', 1, 'Фильм', 3, 8),
(22, 'Гинтама 4 OVA', 2, 'OVA', 3, 8),
(23, 'Из нового света', 25, 'Сериал', 3, 8),
(24, 'Судьба/Ночь схватки: Прикосновение небес', 1, 'Фильм', 3, 8),
(25, 'Страна самоцветов', 12, 'Сериал', 3, 8),
(26, 'Евангелион: 2.0 Ты (не) пройдёшь', 1, 'Фильм', 3, 8),
(27, 'Судьба/Начало', 13, 'Сериал', 3, 8),
(28, 'История финала', 12, 'Сериал', 3, 8),
(29, 'Врата Штейна: Эгоистичная пориомания', 1, 'Спешл', 3, 8),
(30, 'Истории ран. Часть 1: Железная кровь', 1, 'Фильм', 3, 8),
(31, 'Волчица и пряности II', 12, 'Сериал', 4, 7),
(32, 'Семь смертных грехов 2', 24, 'Сериал', 4, 7),
(33, 'Бездомный бог: Арагото', 13, 'Сериал', 4, 7),
(34, 'Судьба/Ночь схватки: Бесконечный мир клинков 2', 13, 'Сериал', 4, 7),
(35, 'Гинтама: Рождение Белого Демона', 1, 'Спешл', 4, 7),
(36, 'Странники', 26, 'Сериал', 4, 7),
(37, 'Истории монстров', 15, 'Сериал', 4, 7),
(38, 'Девочка, покорившая время', 1, 'Фильм', 4, 7),
(39, 'Кэйон в кино!', 1, 'Фильм', 4, 7),
(40, 'Волчица и пряности', 13, 'Сериал', 4, 7),
(41, 'Врата Штейна: Найти недостающее звено — Деление на ноль', 1, 'Спешл', 5, 6),
(42, 'Гинтама: Сказание о Бэнизакуре — Спешл', 1, 'Спешл', 5, 6),
(43, 'По ту сторону границы: Я буду рядом — Будущее', 1, 'Фильм', 5, 6),
(44, 'Дюрарара!!', 24, 'Сериал', 5, 6),
(45, 'Семь смертных грехов', 24, 'Сериал', 5, 6),
(46, 'Праздник кукол', 12, 'Сериал', 5, 6),
(47, 'Судьба/Ночь схватки: Бесконечный мир клинков — Пролог', 1, 'Спешл', 5, 6),
(48, 'Деревенская глубинка 2', 12, 'Сериал', 5, 6),
(49, 'Истории подделок', 11, 'Сериал', 5, 6),
(50, 'Укрась прощальное утро цветами обещания', 1, 'Фильм', 5, 6),
(51, 'Йона на заре', 24, 'Сериал', 6, 5),
(52, 'Дюрарара!! 2: Финал', 12, 'Сериал', 6, 5),
(53, 'История одержимости', 4, 'Сериал', 6, 5),
(54, 'Евангелион: 1.0 Ты (не) один', 1, 'Фильм', 6, 5),
(55, 'Гинтама: Джамп Феста 2014', 1, 'Спешл', 6, 5),
(56, 'Йона на заре OVA', 3, 'OVA', 6, 5),
(57, 'Гинтама: Грандиозное собрание', 1, 'Спешл', 6, 5),
(58, 'Бездомный бог', 12, 'Сериал', 6, 5),
(59, 'Гинтама: Джамп Феста 2015', 1, 'Спешл', 6, 5),
(60, 'Кэйон!!', 26, 'Сериал', 6, 5),
(61, 'Гинтама: Джамп Феста 2005', 1, 'Спешл', 7, 4),
(62, 'Список чудовища 2', 21, 'ONA', 7, 4),
(63, 'Дюрарара!! 2: Наследие', 12, 'Сериал', 7, 4),
(64, 'Дюрарара!! 2: Продолжение', 12, 'Сериал', 7, 4),
(65, 'Граница пустоты: Благословение будущего', 1, 'Фильм', 7, 4),
(66, 'Бездомный бог: Арагото OAD', 2, 'OVA', 7, 4),
(67, 'История цветов', 5, 'Сериал', 7, 4),
(68, 'Кобато', 24, 'Сериал', 7, 4),
(69, 'Повелитель', 13, 'Сериал', 7, 4),
(70, 'Темнее чёрного: Чёрный контрактор — Гайдэн', 4, 'Спешл', 7, 4),
(71, 'Судьба/Девочка-волшебница Иллия: Клятва под снегом', 1, 'Фильм', 8, 3),
(72, 'История кошки: Чёрная глава', 4, 'Сериал', 8, 3),
(73, 'Дюрарара!! Спешлы', 2, 'Спешл', 8, 3),
(74, 'По ту сторону границы: Я буду рядом — Спешл', 1, 'Спешл', 8, 3),
(75, 'Повелитель 2', 13, 'Сериал', 8, 3),
(76, 'Карнавальный фантазм', 12, 'OVA', 8, 3),
(77, 'Вечная корона грешника', 1, 'Клип', 8, 3),
(78, 'Волчица и пряности II: Волчица и янтарная меланхолия', 1, 'OVA', 8, 3),
(79, 'Чудачества любви не помеха: Положись на меня', 1, 'Фильм', 8, 3),
(80, 'Дурни, тесты, аватары 2', 13, 'Сериал', 8, 3),
(81, 'Врата: Там бьются наши воины — Огнедышащие драконы', 12, 'Сериал', 9, 2),
(82, 'Усопшие', 22, 'Сериал', 9, 2),
(83, 'Бездомный бог OAD', 2, 'OVA', 9, 2),
(84, 'Врата: Там бьются наши воины', 12, 'Сериал', 9, 2),
(85, 'Усопшие: Спешлы', 2, 'Спешл', 9, 2),
(86, 'Признания', 12, 'Сериал', 9, 2),
(87, 'Кэйон!! Спешл', 1, 'Спешл', 9, 2),
(88, 'Кэйон! Лайв Хаус', 1, 'Спешл', 9, 2),
(89, 'По ту сторону границы', 12, 'Сериал', 9, 2),
(90, 'Данганронпа 3: Конец школы надежды — Надежда', 1, 'Спешл', 9, 2),
(91, 'Деревенская глубинка 2 OVA', 1, 'OVA', 10, 1),
(92, 'Почтовая пчела: Реверс', 25, 'Сериал', 10, 1),
(93, 'Кэйон!', 13, 'Сериал', 10, 1),
(94, 'Дюрарара!! 2: Наследие — Спешл', 1, 'Спешл', 10, 1),
(95, 'По ту сторону границы: Я буду рядом — Прошлое', 1, 'Фильм', 10, 1),
(96, 'Вторжение гигантов: Рёв пробуждения', 1, 'Фильм', 10, 1),
(97, 'Повелитель: Тёмный воитель', 1, 'Фильм', 10, 1),
(98, 'Данганронпа 3: Конец школы надежды — Отчаяние', 11, 'Сериал', 10, 1),
(99, 'Истории Коёми', 12, 'ONA', 10, 1),
(100, 'Волшебный учитель Нэгима! Загробный мир', 4, 'OVA', 10, 1);

DELIMITER $$
CREATE TRIGGER adm BEFORE DELETE ON users FOR EACH ROW IF OLD.Level='1' THEN INSERT INTO users VALUES ("", "", -1); END IF
$$ DELIMITER ;

DELIMITER $$
CREATE TRIGGER trig AFTER INSERT ON users FOR EACH ROW IF NEW.Level<0 OR NEW.Level>1 THEN DELETE FROM users WHERE users.Level<0 OR users.Level>1; END IF
$$ DELIMITER ;